25,Massachusetts,00135,Abington CDP
25,Massachusetts,00530,Acushnet Center CDP
25,Massachusetts,00590,Adams CDP
25,Massachusetts,00840,Agawam Town city
25,Massachusetts,01260,Amesbury Town city
25,Massachusetts,01360,Amherst Center CDP
25,Massachusetts,01430,Andover CDP
25,Massachusetts,01640,Arlington CDP
25,Massachusetts,02515,Athol CDP
25,Massachusetts,02690,Attleboro city
25,Massachusetts,03040,Ayer CDP
25,Massachusetts,03355,Baldwinville CDP
25,Massachusetts,03690,Barnstable Town city
25,Massachusetts,03705,Barre CDP
25,Massachusetts,04790,Belchertown CDP
25,Massachusetts,04965,Bellingham CDP
25,Massachusetts,05105,Belmont CDP
25,Massachusetts,05595,Beverly city
25,Massachusetts,06050,Blandford CDP
25,Massachusetts,06170,Bliss Corner CDP
25,Massachusetts,07000,Boston city
25,Massachusetts,07140,Bourne CDP
25,Massachusetts,07385,Boxford CDP
25,Massachusetts,07740,Braintree Town city
25,Massachusetts,07945,Brewster CDP
25,Massachusetts,08050,Bridgewater CDP
25,Massachusetts,09000,Brockton city
25,Massachusetts,09070,Brookfield CDP
25,Massachusetts,09210,Brookline CDP
25,Massachusetts,09875,Burlington CDP
25,Massachusetts,10015,Buzzards Bay CDP
25,Massachusetts,11000,Cambridge city
25,Massachusetts,12960,Chatham CDP
25,Massachusetts,13205,Chelsea city
25,Massachusetts,13310,Cheshire CDP
25,Massachusetts,13450,Chester CDP
25,Massachusetts,13660,Chicopee city
25,Massachusetts,14430,Clinton CDP
25,Massachusetts,14570,Cochituate CDP
25,Massachusetts,15340,Cordaville CDP
25,Massachusetts,16285,Danvers CDP
25,Massachusetts,16530,Dedham CDP
25,Massachusetts,16635,Deerfield CDP
25,Massachusetts,16740,Dennis CDP
25,Massachusetts,16810,Dennis Port CDP
25,Massachusetts,16840,Devens CDP
25,Massachusetts,17370,Dover CDP
25,Massachusetts,17860,Duxbury CDP
25,Massachusetts,18595,East Brookfield CDP
25,Massachusetts,18840,East Dennis CDP
25,Massachusetts,18875,East Douglas CDP
25,Massachusetts,18980,East Falmouth CDP
25,Massachusetts,19370,Easthampton Town city
25,Massachusetts,19400,East Harwich CDP
25,Massachusetts,20310,East Pepperell CDP
25,Massachusetts,20380,East Sandwich CDP
25,Massachusetts,21815,Essex CDP
25,Massachusetts,21990,Everett city
25,Massachusetts,23000,Fall River city
25,Massachusetts,23070,Falmouth CDP
25,Massachusetts,23840,Fiskdale CDP
25,Massachusetts,23875,Fitchburg city
25,Massachusetts,24190,Forestdale CDP
25,Massachusetts,24855,Foxborough CDP
25,Massachusetts,24960,Framingham CDP
25,Massachusetts,25172,Franklin Town city
25,Massachusetts,25485,Gardner city
25,Massachusetts,26150,Gloucester city
25,Massachusetts,26500,Granby CDP
25,Massachusetts,26780,Great Barrington CDP
25,Massachusetts,27100,Greenfield Town city
25,Massachusetts,27147,Green Harbor-Cedar Crest CDP
25,Massachusetts,27445,Groton CDP
25,Massachusetts,28460,Hanson CDP
25,Massachusetts,29055,Harwich Center CDP
25,Massachusetts,29090,Harwich Port CDP
25,Massachusetts,29230,Hatfield CDP
25,Massachusetts,29405,Haverhill city
25,Massachusetts,30175,Hingham CDP
25,Massachusetts,30420,Holbrook CDP
25,Massachusetts,30630,Holland CDP
25,Massachusetts,30840,Holyoke city
25,Massachusetts,30980,Hopedale CDP
25,Massachusetts,31050,Hopkinton CDP
25,Massachusetts,31295,Housatonic CDP
25,Massachusetts,31575,Hudson CDP
25,Massachusetts,31680,Hull CDP
25,Massachusetts,31750,Huntington CDP
25,Massachusetts,32275,Ipswich CDP
25,Massachusetts,33185,Kingston CDP
25,Massachusetts,34550,Lawrence city
25,Massachusetts,34620,Lee CDP
25,Massachusetts,34935,Lenox CDP
25,Massachusetts,35075,Leominster city
25,Massachusetts,35250,Lexington CDP
25,Massachusetts,36020,Littleton Common CDP
25,Massachusetts,36335,Longmeadow CDP
25,Massachusetts,37000,Lowell city
25,Massachusetts,37385,Lunenburg CDP
25,Massachusetts,37490,Lynn city
25,Massachusetts,37595,Lynnfield CDP
25,Massachusetts,37735,Madaket CDP
25,Massachusetts,37875,Malden city
25,Massachusetts,38230,Mansfield Center CDP
25,Massachusetts,38435,Marblehead CDP
25,Massachusetts,38575,Marion Center CDP
25,Massachusetts,38715,Marlborough city
25,Massachusetts,38820,Marshfield CDP
25,Massachusetts,38960,Marshfield Hills CDP
25,Massachusetts,39152,Mashpee Neck CDP
25,Massachusetts,39485,Mattapoisett Center CDP
25,Massachusetts,39660,Maynard CDP
25,Massachusetts,39730,Medfield CDP
25,Massachusetts,39835,Medford city
25,Massachusetts,40115,Melrose city
25,Massachusetts,40710,Methuen Town city
25,Massachusetts,40885,Middleborough Center CDP
25,Massachusetts,41200,Milford CDP
25,Massachusetts,41410,Millers Falls CDP
25,Massachusetts,41532,Millis-Clicquot CDP
25,Massachusetts,41725,Milton CDP
25,Massachusetts,41960,Monomoscoy Island CDP
25,Massachusetts,42180,Monson Center CDP
25,Massachusetts,42670,Monument Beach CDP
25,Massachusetts,43615,Nahant CDP
25,Massachusetts,43755,Nantucket CDP
25,Massachusetts,44140,Needham CDP
25,Massachusetts,45000,New Bedford city
25,Massachusetts,45245,Newburyport city
25,Massachusetts,45500,New Seabury CDP
25,Massachusetts,45560,Newton city
25,Massachusetts,46225,North Adams city
25,Massachusetts,46295,North Amherst CDP
25,Massachusetts,46330,Northampton city
25,Massachusetts,46785,Northborough CDP
25,Massachusetts,47100,North Brookfield CDP
25,Massachusetts,47590,North Eastham CDP
25,Massachusetts,47730,North Falmouth CDP
25,Massachusetts,47800,Northfield CDP
25,Massachusetts,48220,North Lakeville CDP
25,Massachusetts,48710,North Pembroke CDP
25,Massachusetts,48780,North Plymouth CDP
25,Massachusetts,49165,North Scituate CDP
25,Massachusetts,49200,North Seekonk CDP
25,Massachusetts,49700,Northwest Harwich CDP
25,Massachusetts,49710,North Westport CDP
25,Massachusetts,50005,Norton Center CDP
25,Massachusetts,50285,Norwood CDP
25,Massachusetts,50862,Ocean Bluff-Brant Rock CDP
25,Massachusetts,50880,Ocean Grove CDP
25,Massachusetts,51160,Onset CDP
25,Massachusetts,51230,Orange CDP
25,Massachusetts,51405,Orleans CDP
25,Massachusetts,51790,Oxford CDP
25,Massachusetts,52144,Palmer Town city
25,Massachusetts,52490,Peabody city
25,Massachusetts,52770,Pepperell CDP
25,Massachusetts,53085,Petersham CDP
25,Massachusetts,53680,Pinehurst CDP
25,Massachusetts,53960,Pittsfield city
25,Massachusetts,54275,Plymouth CDP
25,Massachusetts,54450,Pocasset CDP
25,Massachusetts,55070,Popponesset CDP
25,Massachusetts,55090,Popponesset Island CDP
25,Massachusetts,55535,Provincetown CDP
25,Massachusetts,55745,Quincy city
25,Massachusetts,55990,Randolph CDP
25,Massachusetts,56095,Raynham Center CDP
25,Massachusetts,56165,Reading CDP
25,Massachusetts,56585,Revere city
25,Massachusetts,57845,Rockport CDP
25,Massachusetts,58370,Rowley CDP
25,Massachusetts,58615,Russell CDP
25,Massachusetts,58790,Rutland CDP
25,Massachusetts,58965,Sagamore CDP
25,Massachusetts,59105,Salem city
25,Massachusetts,59210,Salisbury CDP
25,Massachusetts,59700,Sandwich CDP
25,Massachusetts,60050,Saugus CDP
25,Massachusetts,60295,Scituate CDP
25,Massachusetts,60505,Seabrook CDP
25,Massachusetts,60627,Seconsett Island CDP
25,Massachusetts,60820,Sharon CDP
25,Massachusetts,61205,Shelburne Falls CDP
25,Massachusetts,61555,Shirley CDP
25,Massachusetts,61940,Siasconset CDP
25,Massachusetts,62300,Smith Mills CDP
25,Massachusetts,62465,Somerset CDP
25,Massachusetts,62535,Somerville city
25,Massachusetts,62675,South Amherst CDP
25,Massachusetts,62780,South Ashburnham CDP
25,Massachusetts,63345,Southbridge Town city
25,Massachusetts,63620,South Deerfield CDP
25,Massachusetts,63655,South Dennis CDP
25,Massachusetts,63690,South Duxbury CDP
25,Massachusetts,63840,Southfield CDP
25,Massachusetts,64460,South Lancaster CDP
25,Massachusetts,66035,South Yarmouth CDP
25,Massachusetts,66070,Spencer CDP
25,Massachusetts,67000,Springfield city
25,Massachusetts,67700,Stoneham CDP
25,Massachusetts,68120,Sturbridge CDP
25,Massachusetts,68680,Swampscott CDP
25,Massachusetts,69170,Taunton city
25,Massachusetts,69205,Teaticket CDP
25,Massachusetts,69585,The Pinehills CDP
25,Massachusetts,70115,Topsfield CDP
25,Massachusetts,70325,Townsend CDP
25,Massachusetts,70815,Turners Falls CDP
25,Massachusetts,71445,Upton CDP
25,Massachusetts,71970,Vineyard Haven CDP
25,Massachusetts,72250,Wakefield CDP
25,Massachusetts,72460,Walpole CDP
25,Massachusetts,72600,Waltham city
25,Massachusetts,72845,Ware CDP
25,Massachusetts,73020,Wareham Center CDP
25,Massachusetts,73055,Warren CDP
25,Massachusetts,73440,Watertown Town city
25,Massachusetts,73930,Webster CDP
25,Massachusetts,74210,Wellesley CDP
25,Massachusetts,75050,Westborough CDP
25,Massachusetts,75365,West Brookfield CDP
25,Massachusetts,75505,West Chatham CDP
25,Massachusetts,75680,West Concord CDP
25,Massachusetts,75820,West Dennis CDP
25,Massachusetts,75960,West Falmouth CDP
25,Massachusetts,76030,Westfield city
25,Massachusetts,77890,West Springfield Town city
25,Massachusetts,78410,West Wareham CDP
25,Massachusetts,78795,West Yarmouth CDP
25,Massachusetts,78850,Weweantic CDP
25,Massachusetts,78972,Weymouth Town city
25,Massachusetts,79390,White Island Shores CDP
25,Massachusetts,79495,Whitinsville CDP
25,Massachusetts,79705,Wilbraham CDP
25,Massachusetts,79950,Williamstown CDP
25,Massachusetts,80195,Wilmington CDP
25,Massachusetts,80370,Winchendon CDP
25,Massachusetts,80545,Winchester CDP
25,Massachusetts,81005,Winthrop Town city
25,Massachusetts,81035,Woburn city
25,Massachusetts,81245,Woods Hole CDP
25,Massachusetts,82000,Worcester city
25,Massachusetts,82595,Yarmouth Port CDP
